"Depth","Age","Counts","Concentration","AreaConcentration","meanWL","Prop.WL.gt.0.5","P_W_lower","P_W","P_W_upper","P_H_lower","P_H","P_H_upper"
0.5,-61.652,51,102,5.2998,0.464247201843137,0.431372549019608,0.468339474712808,0.526046811967218,0.583441114438799,0.416558885561201,0.473953188032782,0.531660525287192
1.5,-54.611,73,146,10.121,0.445308339260274,0.438356164383562,0.520912062931549,0.577135720547358,0.633401902242606,0.366598097757394,0.422864279452642,0.479087937068451
2.5,-47.57,57,114,10.3048,0.467008856526316,0.491228070175439,0.535479661831446,0.584901547243065,0.638296051272133,0.361703948727867,0.415098452756935,0.464520338168554
3.5,-40.529,63,126,9.1308,0.429594047809524,0.428571428571429,0.438608588073295,0.481847247387377,0.526668322841864,0.473331677158136,0.518152752612623,0.561391411926705
4.5,-33.488,46,92,5.5428,0.367976595782609,0.260869565217391,0.319922949804933,0.35723739329408,0.394286061479227,0.605713938520773,0.64276260670592,0.680077050195067
5.5,-26.447,56,112,3.7822,0.361825425696429,0.25,0.238932333754834,0.277792785204478,0.312135251080262,0.687864748919738,0.722207214795522,0.761067666245166
6.5,-19.406,29,58,3.5154,0.353470708310345,0.241379310344828,0.233762751623268,0.277380911727717,0.314791621186676,0.685208378813324,0.722619088272283,0.766237248376732
7.5,-12.364,23,46,2.3856,0.392487932130435,0.260869565217391,0.297465286215188,0.346901214090815,0.392595187225035,0.607404812774965,0.653098785909185,0.702534713784812
8.5,-5.323,48,96,4.9292,0.4014727023125,0.375,0.341556737849369,0.397637846209771,0.452712958553316,0.547287041446684,0.602362153790229,0.658443262150631
9.5,1.718,24,48,2.7678,0.399437864416667,0.375,0.364179971393639,0.423383393638657,0.482585950168188,0.517414049831812,0.576616606361343,0.635820028606361
10.5,8.971,46,92,2.6698,0.426616099847826,0.369565217391304,0.349430653832446,0.409454704448421,0.466554998041209,0.533445001958791,0.590545295551579,0.650569346167554
11.5,16.436,25,50,3.3138,0.33851346084,0.2,0.331237814082465,0.386083953075447,0.439195372327574,0.560804627672425,0.613916046924553,0.668762185917535
12.5,23.9,60,120,5.684,0.4048919749,0.4,0.327346323982396,0.377719019895999,0.425758051179555,0.574241948820445,0.622280980104001,0.672653676017604
13.5,31.365,35,70,2.8692,0.3437843674,0.257142857142857,0.285657677281661,0.330725109182558,0.371952674095188,0.628047325904812,0.669274890817442,0.714342322718339
14.5,38.83,48,96,3.6698,0.3339962676875,0.1875,0.203927351791199,0.245020616461193,0.280192903095993,0.719807096904007,0.754979383538807,0.796072648208801
15.5,46.295,25,50,3.924,0.3955290232,0.32,0.276143302096261,0.317187837831988,0.35752960258519,0.64247039741481,0.682812162168012,0.723856697903739
16.5,53.76,27,54,2.065,0.400190295740741,0.333333333333333,0.425676778077666,0.478022417562498,0.531600457679895,0.468399542320105,0.521977582437502,0.574323221922334
17.5,61.225,54,108,5.2748,0.458448087425926,0.462962962962963,0.411010501461314,0.467243517115032,0.525251533872565,0.474748466127435,0.532756482884968,0.588989498538687
18.5,68.689,30,60,3.5976,0.3653614995,0.3,0.359889364914449,0.418840252320948,0.47786014449924,0.522139855500759,0.581159747679052,0.640110635085551
19.5,76.154,16,32,2.5864,0.25555313225,0.0625,0.310366323522584,0.367507391405217,0.427278405528849,0.572721594471151,0.632492608594783,0.689633676477416
20.5,88.519,47,94,4.5896,0.338003985382979,0.234042553191489,0.240618161198264,0.294721841594374,0.350542677987578,0.649457322012422,0.705278158405626,0.759381838801736
21.5,105.784,32,64,4.598,0.414674371125,0.40625,0.258808628957174,0.309490178622357,0.361972511318192,0.638027488681808,0.690509821377643,0.741191371042826
22.5,123.05,29,58,3.525,0.308358680655172,0.172413793103448,0.281441001960945,0.328603022569856,0.37436759493377,0.62563240506623,0.671396977430144,0.718558998039055
23.5,140.315,48,96,5.3304,0.377602112354167,0.270833333333333,0.264817030042134,0.302910575017049,0.340055319092393,0.659944680907607,0.697089424982951,0.735182969957866
24.5,157.58,62,124,6.8238,0.350803090951613,0.290322580645161,0.345711583138141,0.383115145963304,0.417576648917939,0.582423351082061,0.616884854036696,0.654288416861859
25.5,174.845,25,50,3.2488,0.45125807208,0.4,0.408786027193141,0.447034448267498,0.481973989408101,0.518026010591899,0.552965551732503,0.591213972806859
26.5,192.11,46,92,4.1856,0.366317651804348,0.326086956521739,0.382062291653516,0.415974221075792,0.447244912863399,0.552755087136601,0.584025778924208,0.617937708346484
27.5,209.375,47,94,7.0122,0.312047957191489,0.191489361702128,0.231897185821217,0.257473284965579,0.281270277340021,0.718729722659979,0.742526715034421,0.768102814178782
28.5,226.641,57,114,2.3622,0.206187341385965,0.0526315789473684,0.110667018670691,0.13496547689713,0.152262849458033,0.847737150541967,0.86503452310287,0.889332981329309
29.5,243.906,34,68,2.5132,0.298484861529412,0.176470588235294,0.103968131667629,0.128776659723274,0.145234103098055,0.854765896901945,0.871223340276726,0.896031868332371
30.5,267.015,49,98,4.1602,0.247547958530612,0.102040816326531,0.11610971964459,0.141026847775041,0.158129231557145,0.841870768442855,0.85897315222496,0.88389028035541
31.5,295.969,29,58,2.9102,0.280717032758621,0.172413793103448,0.253782602270389,0.281756638173335,0.305868329950109,0.694131670049891,0.718243361826665,0.746217397729611
32.5,324.923,45,90,3.936,0.447142759511111,0.422222222222222,0.423516339020709,0.462223057176747,0.497165668396334,0.502834331603666,0.537776942823253,0.576483660979291
33.5,353.877,29,58,2.6928,0.421853898344828,0.448275862068966,0.4760419813412,0.520243461202507,0.561244777451503,0.438755222548497,0.479756538797493,0.5239580186588
34.5,382.831,54,108,3.8952,0.304356570351852,0.222222222222222,0.28457684710951,0.317306954261218,0.345690602516886,0.654309397483114,0.682693045738782,0.71542315289049
35.5,411.785,67,134,7.2102,0.262103894671642,0.134328358208955,0.106290777806067,0.127555355076279,0.147117271339544,0.852882728660456,0.872444644923721,0.893709222193933
36.5,440.739,35,70,2.1638,0.197224627771429,0.0285714285714286,0.0464127991052153,0.0657225941774937,0.0856981155721507,0.914301884427849,0.934277405822506,0.953587200894785
37.5,469.692,34,68,3.4802,0.220518327676471,0.117647058823529,0.0198474713645432,0.0404258798934483,0.0627870058534219,0.937212994146578,0.959574120106552,0.980152528635457
38.5,498.646,43,86,4.281,0.240842275186047,0.0697674418604651,0.016411390172811,0.039350720860312,0.0650549699810031,0.934945030018997,0.960649279139688,0.983588609827189
39.5,527.6,14,28,1.153,0.189455958857143,0,0,0.0157872858378413,0.0428291721599737,0.957170827840026,0.984212714162159,1
40.5,555.963,31,62,1.9056,0.220373634129032,0.0645161290322581,0,0.00151513796198416,0.0291264602508534,0.970873539749147,0.998484862038016,1
41.5,583.735,36,72,2.309,0.256313999666667,0.0555555555555556,0.0214907882644756,0.0462088164959629,0.0715963188135997,0.9284036811864,0.953791183504037,0.978509211735524
42.5,611.507,74,148,4.7164,0.266960932472973,0.108108108108108,0.067306358259498,0.0893698694610255,0.113906000708781,0.886093999291219,0.910630130538974,0.932693641740502
43.5,639.279,52,104,3.5554,0.239040177384615,0.115384615384615,0.0767421831832796,0.096921140703402,0.117769224501274,0.882230775498726,0.903078859296598,0.92325781681672
44.5,667.051,83,166,6.1642,0.214849753325301,0.036144578313253,0,0.0144815593270024,0.0304824898131372,0.969517510186863,0.985518440672998,1
45.5,694.823,65,130,5.0228,0.237779658584615,0.0769230769230769,0.0160769411371066,0.0377857672897263,0.0529369032091384,0.947063096790862,0.962214232710274,0.983923058862893
46.5,722.595,58,116,5.1682,0.200546801965517,0.0517241379310345,0.0164491199911863,0.0416112811369573,0.0566797506160939,0.943320249383906,0.958388718863043,0.983550880008814
47.5,750.367,68,136,5.586,0.205032774132353,0.0882352941176471,0.0616495249763843,0.0881911225193551,0.105779117809362,0.894220882190638,0.911808877480645,0.938350475023616
48.5,778.139,35,70,3.6786,0.273568325571429,0.142857142857143,0.0969037878763288,0.124742451246866,0.146607926786895,0.853392073213105,0.875257548753134,0.903096212123671
49.5,805.911,50,100,5.1334,0.24633608992,0.12,0.0843398592218082,0.112903457914059,0.133805412587222,0.866194587412778,0.887096542085941,0.915660140778192
50.5,832.507,67,134,9.4032,0.246452764343284,0.104477611940299,0.0757188149725013,0.104273033006403,0.124182946684256,0.875817053315744,0.895726966993597,0.924281185027499
51.5,857.926,40,80,1.747,0.27752712685,0.175,0.0664711341716984,0.0936926324423022,0.111414107670553,0.888585892329448,0.906307367557698,0.933528865828302
52.5,883.345,59,118,4.4678,0.174575937949153,0.0338983050847458,0.0918295242662062,0.11571385263608,0.134566216272394,0.865433783727606,0.88428614736392,0.908170475733794
53.5,908.764,19,38,1.778,0.285036930052632,0.263157894736842,0.146631839070614,0.169385165807195,0.191592540855032,0.808407459144968,0.830614834192805,0.853368160929386
54.5,934.183,15,30,1.4652,0.2958213896,0.266666666666667,0.205608204282813,0.231512302524484,0.258256231939018,0.741743768060982,0.768487697475516,0.794391795717187
55.5,959.602,8,16,1.4536,0.31978668125,0.25,0.256740429323679,0.287413260267501,0.321111314868063,0.678888685131937,0.712586739732499,0.743259570676321
56.5,985.021,16,32,1.6102,0.3285653028125,0.3125,0.241945845092903,0.274785671916718,0.311709500242237,0.688290499757763,0.725214328083282,0.758054154907097
57.5,1010.441,15,30,1.202,0.213276526733333,0.0666666666666667,0.197735576151031,0.229570066230331,0.267165946686748,0.732834053313252,0.770429933769669,0.802264423848969
58.5,1035.86,15,30,0.7632,0.234113798866667,0.0666666666666667,0.147984792837481,0.181105337811237,0.214300884546074,0.785699115453926,0.818894662188763,0.852015207162519
59.5,1061.279,12,24,1.6096,0.17399463625,0.0833333333333333,0.112321982203768,0.147879309913985,0.177951107281863,0.822048892718137,0.852120690086015,0.887678017796232
60.5,1081.47,7,14,0.8554,0.335604173714286,0.285714285714286,0.10973091214208,0.145643305079949,0.175248188389713,0.824751811610287,0.854356694920051,0.89026908785792
61.5,1096.433,5,10,1.8774,0.1430014156,0,0.123438189003848,0.157943507798472,0.187631376546727,0.812368623453273,0.842056492201528,0.876561810996152
62.5,1111.396,7,14,1.0304,0.325400550714286,0.142857142857143,0.14514722551832,0.177542032805747,0.206477393927456,0.793522606072544,0.822457967194253,0.85485277448168
63.5,1126.359,2,4,0.192,0.3098923855,0,0.17093332830511,0.200723635744695,0.228862010483619,0.771137989516381,0.799276364255305,0.82906667169489
64.5,1141.322,6,12,0.5054,0.433416259166667,0.5,0.193511403702952,0.223693489809966,0.253690749314752,0.746309250685248,0.776306510190033,0.806488596297048
65.5,1156.285,5,10,0.6836,0.2267207256,0,0.211720911672541,0.243231180552326,0.276297330709223,0.723702669290777,0.756768819447674,0.788279088327459
66.5,1171.248,6,12,0.8738,0.308358031166667,0.166666666666667,0.217617430816749,0.254494338103153,0.29260777139431,0.70739222860569,0.745505661896847,0.782382569183251
67.5,1186.211,5,10,0.4696,0.3174057458,0.2,0.21567852342513,0.257372910670482,0.299595949656405,0.700404050343595,0.742627089329518,0.78432147657487
68.5,1201.174,2,4,0.1272,0.1661484295,0,0.20929879685979,0.254997648548457,0.303743400976405,0.696256599023595,0.745002351451543,0.79070120314021
69.5,1216.137,5,10,0.6184,0.281089934,0.2,0.198623539904521,0.249438564466422,0.299677941486842,0.700322058513158,0.750561435533578,0.801376460095479
70.5,1227.635,16,32,1.4288,0.34029720825,0.3125,0.193248540801359,0.243833930650814,0.293486675943168,0.706513324056832,0.756166069349186,0.806751459198641
71.5,1235.667,4,8,0.3506,0.2653352545,0,0.194102214049192,0.240203500368069,0.286305596369333,0.713694403630667,0.759796499631931,0.805897785950809
72.5,1243.699,20,40,1.143,0.3898166018,0.3,0.197467071120612,0.236808388216782,0.279952700570348,0.720047299429652,0.763191611783218,0.802532928879388
73.5,1251.731,1,2,0.2086,0.252435673,0,0.201872183970525,0.234451794311887,0.271107884437656,0.728892115562344,0.765548205688113,0.798127816029475
74.5,1259.763,5,10,0.586,0.3276832222,0.4,0.201432691041606,0.232366316337726,0.262699197806937,0.737300802193063,0.767633683662274,0.798567308958394
75.5,1267.796,5,10,0.3452,0.2117428246,0.2,0.198683616088238,0.228980527403636,0.258731949406688,0.741268050593312,0.771019472596364,0.801316383911762
76.5,1275.828,5,10,0.4432,0.249240496,0,0.192885242924154,0.226256951827371,0.2552482418689,0.7447517581311,0.773743048172629,0.807114757075846
77.5,1283.86,4,8,0.2072,0.2777597805,0,0.186072965830603,0.222522603614727,0.253740463122992,0.746259536877008,0.777477396385273,0.813927034169397
78.5,1291.892,5,10,0.3492,0.4463474098,0.4,0.175434257067872,0.216035237153093,0.250123521049269,0.749876478950731,0.783964762846907,0.824565742932128
79.5,1299.925,12,24,1.446,0.2289820485,0.0833333333333333,0.166704697730118,0.208428107166748,0.244177227242167,0.755822772757833,0.791571892833252,0.833295302269882
80.5,1308.168,6,12,0.768,0.234723718333333,0.166666666666667,0.159938981493582,0.200940588864778,0.235816192040881,0.764183807959119,0.799059411135222,0.840061018506418
81.5,1316.621,15,30,1.077,0.198007880933333,0.0666666666666667,0.15546279414211,0.19394527801091,0.225758676467222,0.774241323532778,0.80605472198909,0.84453720585789
82.5,1325.075,11,22,0.7382,0.283371480636364,0.181818181818182,0.155634409725816,0.188961134460957,0.217009050611262,0.782990949388738,0.811038865539043,0.844365590274184
83.5,1333.529,22,44,3.6588,0.300547003863636,0.272727272727273,0.157553368200032,0.187075551555615,0.211514365223675,0.788485634776325,0.812924448444385,0.842446631799968
84.5,1341.983,8,16,0.641,0.36221007125,0.125,0.160426746292398,0.187028051166367,0.212143516732262,0.787856483267738,0.812971948833633,0.839573253707602
85.5,1350.436,8,16,0.6224,0.272730036875,0.125,0.164717057149433,0.189862127148718,0.216156561394719,0.783843438605281,0.810137872851282,0.835282942850567
86.5,1358.89,4,8,0.397,0.1933816295,0,0.166792916054364,0.192861443681861,0.221217088829351,0.778782911170649,0.807138556318139,0.833207083945636
87.5,1367.344,12,24,0.76,0.264928749583333,0.166666666666667,0.168220972006403,0.196841700793725,0.227743334566583,0.772256665433417,0.803158299206275,0.831779027993597
88.5,1375.798,14,28,1.2594,0.379536759285714,0.357142857142857,0.168422449885251,0.199725141692264,0.233202256944476,0.766797743055524,0.800274858307736,0.831577550114749
89.5,1384.251,5,10,0.456,0.447870114,0.4,0.168293435880365,0.200736602577717,0.236103244251252,0.763896755748748,0.799263397422283,0.831706564119635
90.5,1392.743,21,42,1.443,0.192689209761905,0,0.169850921951896,0.202206315692243,0.237671435882177,0.762328564117823,0.797793684307757,0.830149078048104
91.5,1401.274,12,24,1.0206,0.245987624666667,0.0833333333333333,0.173964102770875,0.2042526204212,0.238146235026473,0.761853764973527,0.7957473795788,0.826035897229125
92.5,1409.804,17,34,0.951,0.320525877470588,0.235294117647059,0.180589526014648,0.207917884918105,0.238527843322964,0.761472156677036,0.792082115081895,0.819410473985352
93.5,1418.334,7,14,0.9086,0.559215972,0.571428571428571,0.189250946905932,0.213666312466637,0.240136365630993,0.759863634369007,0.786333687533363,0.810749053094068
94.5,1426.865,6,12,0.8548,0.377585783,0.333333333333333,0.197501060921389,0.220981675602912,0.245802464238289,0.754197535761711,0.779018324397088,0.802498939078611
95.5,1435.395,10,20,1.3618,0.1491560999,0,0.207388596444408,0.231107236774419,0.25566818656148,0.74433181343852,0.768892763225581,0.792611403555592
96.5,1443.926,11,22,0.6466,0.210201155090909,0.0909090909090909,0.221447199220776,0.246013432158402,0.272450936814025,0.727549063185975,0.753986567841598,0.778552800779224
97.5,1452.456,0,0,0,NA,NA,0.235543995037997,0.262945572167392,0.294793457465158,0.705206542534842,0.737054427832608,0.764456004962003
98.5,1460.986,8,16,0.6896,0.31907307725,0.25,0.24729057953971,0.277540163149785,0.31524331872698,0.68475668127302,0.722459836850215,0.75270942046029
99.5,1469.517,3,6,0.2192,0.618359179666667,0.666666666666667,0.253520498994769,0.285297136356049,0.326439957890307,0.673560042109693,0.714702863643951,0.746479501005231
100.5,1478.44,32,64,3.9132,0.40135126021875,0.3125,0.250095267715453,0.281724993766608,0.322237665211101,0.677762334788899,0.718275006233392,0.749904732284547
101.5,1487.756,22,44,2.251,0.373674347045455,0.318181818181818,0.226844309381462,0.256315647140263,0.292243605474025,0.707756394525975,0.743684352859737,0.773155690618538
102.5,1497.071,31,62,3.6312,0.231104778903226,0.0967741935483871,0.159586228816621,0.183997344225155,0.208310699915113,0.791689300084887,0.816002655774845,0.840413771183379
103.5,1506.387,18,36,2.1692,0.146862402055556,0,0.0841398067771527,0.104097718414744,0.11879788860611,0.881202111393889,0.895902281585256,0.915860193222847
104.5,1515.703,34,68,4.3462,0.272705987705882,0.147058823529412,0.0452422356432381,0.0630424817925139,0.0734857219924526,0.926514278007547,0.936957518207486,0.954757764356762
105.5,1525.019,14,28,1.1896,0.164886206,0,0.0370887173448609,0.0546348915437342,0.0653833453715027,0.934616654628497,0.945365108456266,0.962911282655139
106.5,1534.334,9,18,0.7076,0.225423160555556,0,0.0366589967725738,0.0553839110234362,0.0677423356519901,0.93225766434801,0.944616088976564,0.963341003227426
107.5,1543.65,40,80,5.5446,0.248391183825,0.075,0.0383052970152415,0.0598204195672458,0.0734715143445286,0.926528485655471,0.940179580432754,0.961694702984758
108.5,1552.966,17,34,1.4492,0.189494641529412,0.0588235294117647,0.0561008801927402,0.0802812495208317,0.0978369027878816,0.902163097212118,0.919718750479168,0.94389911980726
109.5,1562.282,83,166,10.5952,0.230908739903614,0.0843373493975904,0.0752765458563898,0.10100412274113,0.122150158681337,0.877849841318663,0.89899587725887,0.92472345414361
110.5,1571.891,23,46,2.3678,0.233907551086957,0.173913043478261,0.0883738276390699,0.114313541367894,0.13682571108465,0.86317428891535,0.885686458632105,0.91162617236093
111.5,1581.795,17,34,1.3176,0.132535615352941,0,0.0982863761131615,0.12295672344415,0.145348665483451,0.854651334516549,0.87704327655585,0.901713623886839
112.5,1591.698,14,28,0.941,0.240585931357143,0.214285714285714,0.105666689164774,0.128102746991227,0.148392984800355,0.851607015199645,0.871897253008773,0.894333310835226
113.5,1601.602,20,40,1.8362,0.20454817725,0.1,0.108955431889497,0.128370187112735,0.146279022955562,0.853720977044438,0.871629812887265,0.891044568110503
114.5,1611.505,21,42,1.3714,0.176741113285714,0.0476190476190476,0.106713550154516,0.124714443842215,0.141726967190515,0.858273032809486,0.875285556157785,0.893286449845484
115.5,1621.409,11,22,1.4488,0.413729453727273,0.363636363636364,0.0989793428225947,0.115830671038574,0.132359892816077,0.867640107183923,0.884169328961426,0.901020657177405
116.5,1631.313,24,48,4.041,0.144108402333333,0,0.0852307437177509,0.103252052139384,0.119796668600346,0.880203331399654,0.896747947860616,0.914769256282249
117.5,1641.216,26,52,2.9374,0.167877522961538,0.0769230769230769,0.0739321936380556,0.0948082494588415,0.111624440848991,0.888375559151009,0.905191750541158,0.926067806361944
118.5,1651.12,10,20,1.0654,0.2997191959,0.2,0.0711820739874157,0.0934485707706425,0.111808628144189,0.888191371855811,0.906551429229357,0.928817926012584
119.5,1661.023,6,12,0.7214,0.0881061806666667,0,0.0738996460387867,0.098333105372387,0.117982605466294,0.882017394533706,0.901666894627613,0.926100353961213
120.5,1673.707,12,24,1.0464,0.134935457416667,0,0.0864301574571192,0.111289969473237,0.132860811727508,0.867139188272492,0.888710030526763,0.913569842542881
121.5,1689.172,19,38,1.4582,0.250407423052632,0.105263157894737,0.111983912937763,0.134922502888336,0.158101131972839,0.841898868027162,0.865077497111664,0.888016087062237
122.5,1704.637,22,44,2.7968,0.291385597727273,0.181818181818182,0.143946164923918,0.165899923307204,0.190210828634345,0.809789171365655,0.834100076692796,0.856053835076082
123.5,1720.102,7,14,0.5392,0.228062807428571,0.142857142857143,0.176198739755573,0.198829028297063,0.223703711425044,0.776296288574956,0.801170971702937,0.823801260244427
124.5,1735.567,12,24,1.1186,0.366554072916667,0.333333333333333,0.199456765820085,0.222084228338915,0.246555785327084,0.753444214672916,0.777915771661085,0.800543234179915
125.5,1751.032,7,14,0.4528,0.121439572428571,0,0.206611836945785,0.226867596462863,0.249843181355704,0.750156818644296,0.773132403537137,0.793388163054215
126.5,1766.496,4,8,0.3248,0.2448682405,0.25,0.198584386813814,0.218737981929938,0.238881203000244,0.761118796999756,0.781262018070062,0.801415613186186
127.5,1781.961,4,8,0.235,0.37539353525,0.5,0.183621881133414,0.204902200655507,0.224231490894637,0.775768509105363,0.795097799344493,0.816378118866586
128.5,1797.426,10,20,0.7668,0.1578616041,0,0.172023507532072,0.194058758970989,0.213299663990674,0.786700336009327,0.805941241029011,0.827976492467928
129.5,1812.891,12,24,0.7764,0.199058282,0,0.160549082181703,0.18252469252023,0.201566873771543,0.798433126228457,0.81747530747977,0.839450917818297
130.5,1828.112,8,16,0.8346,0.342147659125,0.375,0.148792283464396,0.169215047303233,0.18699516374248,0.81300483625752,0.830784952696767,0.851207716535604
131.5,1843.09,3,6,0.2404,0.124874713333333,0,0.137177468809616,0.155193713780422,0.171018233490211,0.828981766509789,0.844806286219578,0.862822531190384
132.5,1858.067,16,32,1.6576,0.251783363375,0.125,0.126186394382597,0.141808056927697,0.155416859293925,0.844583140706075,0.858191943072304,0.873813605617403
133.5,1873.045,17,34,1.5886,0.145190198882353,0,0.116052332785737,0.130214751462011,0.14173753829868,0.85826246170132,0.869785248537989,0.883947667214263
134.5,1888.022,12,24,0.7262,0.14395595075,0,0.107985348629363,0.121048267842991,0.132033459925485,0.867966540074515,0.878951732157009,0.892014651370637
135.5,1903,8,16,0.8338,0.084352534125,0,0.101068818153499,0.115591134968076,0.127488152823976,0.872511847176024,0.884408865031924,0.898931181846501
136.5,1917.977,18,36,1.6934,0.313111898777778,0.277777777777778,0.0943227263119414,0.111698423647866,0.126510265732822,0.873489734267178,0.888301576352134,0.905677273688059
137.5,1932.955,10,20,0.8522,0.2768604357,0.1,0.0861752825589662,0.109641137397153,0.126971305453902,0.873028694546098,0.890358862602847,0.913824717441034
138.5,1947.932,13,26,7.0922,0.238789148076923,0.0769230769230769,0.0799504967838389,0.108860036959646,0.129173825616402,0.870826174383598,0.891139963040354,0.920049503216161
139.5,1962.909,9,18,0.754,0.214094937,0.111111111111111,0.0768576724229158,0.110018420262496,0.132657370599826,0.867342629400174,0.889981579737504,0.923142327577084
140.5,1977.704,16,32,1.5626,0.2167726299375,0.0625,0.0796565530463108,0.112780725224772,0.135974303079124,0.864025696920876,0.887219274775228,0.920343446953689
141.5,1992.315,0,0,0,NA,NA,0.0840596229039989,0.116077416713718,0.137450652756537,0.862549347243463,0.883922583286282,0.915940377096001
142.5,2006.926,7,14,0.6678,0.309099882,0.142857142857143,0.0913758254637528,0.118533010319277,0.13823229189379,0.86176770810621,0.881466989680723,0.908624174536247
143.5,2021.537,5,10,0.6158,0.1719377318,0,0.099724718437282,0.122187629460775,0.140123054663361,0.859876945336639,0.877812370539225,0.900275281562718
144.5,2036.148,6,12,0.4592,0.129991189166667,0,0.106092401743761,0.126573941446476,0.144060714190207,0.855939285809793,0.873426058553524,0.893907598256239
145.5,2050.759,19,38,1.7848,0.300380875789474,0.157894736842105,0.11087895194968,0.131251439935745,0.149172481189434,0.850827518810566,0.868748560064255,0.88912104805032
146.5,2065.37,8,16,0.773,0.180765648875,0.125,0.114390355489574,0.135746499561064,0.154427447008468,0.845572552991532,0.864253500438936,0.885609644510426
147.5,2079.982,4,8,0.2196,0.1432713305,0,0.116356557984786,0.139602400275133,0.159946167827055,0.840053832172945,0.860397599724867,0.883643442015214
148.5,2094.593,1,2,0.081,0.143872394,0,0.117140116415123,0.142169537133898,0.165002900366395,0.834997099633605,0.857830462866102,0.882859883584877
149.5,2109.204,4,8,0.3222,0.15929472625,0,0.1165770002416,0.142823164893526,0.167709444085702,0.832290555914297,0.857176835106474,0.8834229997584
150.5,2124.715,21,42,1.6598,0.235102147047619,0.142857142857143,0.11307819820312,0.139132179724678,0.163261607984053,0.836738392015947,0.860867820275322,0.88692180179688
151.5,2141.126,3,6,0.2988,0.496574387666667,0.666666666666667,0.107489359507352,0.130903675763437,0.152323005675293,0.847676994324707,0.869096324236563,0.892510640492648
152.5,2157.538,18,36,1.6656,0.222430658833333,0.111111111111111,0.0997576367847762,0.120687132143025,0.138704952528506,0.861295047471494,0.879312867856975,0.900242363215224
153.5,2173.949,16,32,1.9462,0.16291179825,0,0.0917354860607435,0.109556337549799,0.123998177774256,0.876001822225744,0.890443662450201,0.908264513939257
154.5,2190.361,9,18,0.606,0.299885410777778,0.222222222222222,0.0850605957720347,0.0994616157856792,0.112024453311908,0.887975546688092,0.900538384214321,0.914939404227965
155.5,2206.772,3,6,0.28,0.338699538333333,0.333333333333333,0.0787734467707827,0.0928842962353636,0.104271571111176,0.895728428888824,0.907115703764636,0.921226553229217
156.5,2223.183,3,6,0.4114,0.0891086583333333,0,0.075047846109769,0.0908449052515451,0.103451722740688,0.896548277259313,0.909155094748455,0.924952153890231
157.5,2239.595,10,20,0.7136,0.2240624431,0,0.0749903450571936,0.0939718563768483,0.108468012048261,0.891531987951739,0.906028143623152,0.925009654942806
158.5,2256.006,17,34,2.626,0.168025640117647,0.117647058823529,0.0817859852756003,0.103350911847122,0.120854342332615,0.879145657667385,0.896649088152878,0.9182140147244
159.5,2272.417,5,10,0.4344,0.2124978254,0,0.106564999857124,0.129212614239481,0.152098251716309,0.847901748283691,0.870787385760519,0.893435000142876
160.5,2285.787,18,36,1.8488,0.200447106333333,0.0555555555555556,0.138706302286049,0.162597060792651,0.190525864256095,0.809474135743905,0.837402939207349,0.861293697713951
161.5,2296.116,12,24,1.1614,0.246606161166667,0.166666666666667,0.163988633789335,0.189377139713527,0.219531632730162,0.780468367269838,0.810622860286473,0.836011366210665
162.5,2306.445,8,16,0.741,0.331866425625,0.125,0.186699233703316,0.211060833175174,0.240502200367167,0.759497799632833,0.788939166824826,0.813300766296684
163.5,2316.773,5,10,0.5262,0.392092636,0.4,0.200069895674113,0.223629419853233,0.251510877446058,0.748489122553942,0.776370580146767,0.799930104325887
164.5,2327.102,26,52,4.4596,0.295277196192308,0.230769230769231,0.205432011657625,0.228986419481198,0.25219945397599,0.74780054602401,0.771013580518802,0.794567988342375
165.5,2337.431,14,28,2.8608,0.383172405571429,0.357142857142857,0.205366508572692,0.227605899107038,0.24947388894285,0.75052611105715,0.772394100892962,0.794633491427308
166.5,2347.759,20,40,3.3476,0.1795648926,0.1,0.199579098331136,0.223444481471702,0.245536239770876,0.754463760229124,0.776555518528298,0.800420901668864
167.5,2358.088,22,44,2.5972,0.206039286727273,0.136363636363636,0.194013402362411,0.220002887330217,0.2435397161563,0.7564602838437,0.779997112669783,0.805986597637589
168.5,2368.416,23,46,2.4778,0.306352070652174,0.173913043478261,0.187442925034003,0.215491553319851,0.241757633810944,0.758242366189056,0.784508446680149,0.812557074965997
169.5,2378.745,14,28,1.6216,0.133966046071429,0,0.176964145318377,0.206027407224985,0.233154387099916,0.766845612900084,0.793972592775015,0.823035854681623
170.5,2387.334,17,34,0.8744,0.233938575705882,0.117647058823529,0.169645457988196,0.198017569197839,0.224472020346677,0.775527979653323,0.801982430802161,0.830354542011804
171.5,2394.184,6,12,0.9794,0.340440983166667,0.333333333333333,0.165679816841133,0.193078019092595,0.217624815868854,0.782375184131146,0.806921980907406,0.834320183158867
172.5,2401.034,4,8,0.6114,0.567508817,0.75,0.164506872873281,0.191273453779862,0.214000467738975,0.785999532261025,0.808726546220138,0.835493127126719
173.5,2407.884,10,20,0.7454,0.2474254763,0.1,0.168528963330856,0.193766751712371,0.2156855118701,0.7843144881299,0.806233248287629,0.831471036669144
174.5,2414.734,5,10,0.317,0.1986704424,0,0.176471836217497,0.202008272706698,0.225182562190608,0.774817437809391,0.797991727293302,0.823528163782503
175.5,2421.584,14,28,1.1218,0.213422571785714,0.0714285714285714,0.185718185264266,0.215010327343543,0.241861728162588,0.758138271837412,0.784989672656457,0.814281814735734
176.5,2428.434,3,6,0.383,0.670408886333333,1,0.197195112600298,0.231129054619899,0.264170931927566,0.735829068072434,0.768870945380101,0.802804887399702
177.5,2435.284,9,18,0.9936,0.241019077444444,0,0.209951791177225,0.249612942712566,0.28929814109602,0.71070185890398,0.750387057287434,0.790048208822775
178.5,2442.134,5,10,0.862,0.4753483518,0.4,0.224025059556222,0.270057768014391,0.318163897354238,0.681836102645762,0.729942231985609,0.775974940443778
179.5,2448.984,3,6,0.105,0.186764203,0,0.240525289874714,0.291141072988024,0.34549086816481,0.65450913183519,0.708858927011976,0.759474710125286
180.5,2455.804,0,0,0,NA,NA,0.259923093789685,0.311784519644929,0.368799859682426,0.631200140317574,0.688215480355071,0.740076906210315
181.5,2462.595,0,0,0,NA,NA,0.278480454367013,0.328228224567162,0.384918478422277,0.615081521577723,0.671771775432838,0.721519545632987
182.5,2469.386,5,10,0.6558,0.5498531104,0.6,0.299452212909196,0.346304573151755,0.397827980809094,0.602172019190906,0.653695426848245,0.700547787090804
183.5,2476.177,0,0,0,NA,NA,0.322596125012798,0.368249502355232,0.418312884843921,0.581687115156079,0.631750497644768,0.677403874987202
184.5,2482.968,11,22,1.3582,0.450333769363636,0.363636363636364,0.346528365019023,0.392890900099816,0.445971185538403,0.554028814461597,0.607109099900184,0.653471634980977
185.5,2489.76,0,0,0,NA,NA,0.368576090605444,0.418705513980853,0.478441111108849,0.521558888891151,0.581294486019147,0.631423909394556
186.5,2496.551,1,2,0.2138,0.639887397,1,0.384862671014111,0.442428148425067,0.510691611770733,0.489308388229267,0.557571851574933,0.615137328985889
187.5,2503.342,4,8,0.2582,0.25716704475,0,0.398551239713558,0.461789470228724,0.540596089254875,0.459403910745125,0.538210529771276,0.601448760286442
188.5,2510.133,0,0,0,NA,NA,0.405003022655961,0.474682057404861,0.564589651079206,0.435410348920794,0.525317942595139,0.594996977344039
189.5,2516.924,2,4,0.0528,0.170071626,0,0.406783789810429,0.480823391877941,0.576303009237198,0.423696990762802,0.519176608122059,0.593216210189571
190.5,2523.716,1,2,0.017,0.072708387,0,0.413564463365206,0.487714976656626,0.584592721670151,0.415407278329849,0.512285023343374,0.586435536634794
191.5,2530.51,9,18,2.5592,0.571694573555556,0.666666666666667,0.425151336622091,0.496482350582621,0.586933324115428,0.413066675884572,0.503517649417379,0.574848663377909
192.5,2537.303,2,4,0.1536,0.274123504,0,0.438422345015656,0.504208957571737,0.587677023777583,0.412322976222417,0.495791042428263,0.561577654984344
193.5,2544.097,0,0,0,NA,NA,0.449815018849772,0.510555653704615,0.585836026227934,0.414163973772066,0.489444346295385,0.550184981150228
194.5,2550.89,0,0,0,NA,NA,0.457518911219557,0.513118935048513,0.580353215167392,0.419646784832608,0.486881064951487,0.542481088780443
195.5,2557.684,4,8,0.4772,0.16641764025,0,0.458070003772744,0.51027867690505,0.574729523182903,0.425270476817097,0.48972132309495,0.541929996227256
196.5,2564.477,4,8,0.4324,0.6446324235,0.75,0.445877050362806,0.502585135701774,0.565835677149643,0.434164322850357,0.497414864298226,0.554122949637194
197.5,2571.271,1,2,0.068,0.269591044,0,0.421538740671178,0.482212781514591,0.552089001723787,0.447910998276213,0.517787218485409,0.578461259328822
198.5,2578.064,0,0,0,NA,NA,0.382740704876345,0.446684551796071,0.518444411752667,0.481555588247333,0.553315448203929,0.617259295123655
199.5,2584.858,0,0,0,NA,NA,0.337941983685718,0.403862310188008,0.471747980419005,0.528252019580995,0.596137689811992,0.662058016314282
200.5,2591.531,49,98,4.678,0.480321072816327,0.428571428571429,0.297270190031016,0.360506565586144,0.423044466547864,0.576955533452136,0.639493434413856,0.702729809968984
201.5,2598.084,21,42,1.9122,0.340967801333333,0.285714285714286,0.255590003960346,0.310050613820261,0.36409511263692,0.63590488736308,0.689949386179739,0.744409996039654
202.5,2604.636,16,32,2.094,0.3220180475,0.125,0.203559801573462,0.247768587320236,0.288379397753581,0.711620602246419,0.752231412679764,0.796440198426538
203.5,2611.189,28,56,2.9174,0.221859222285714,0.0357142857142857,0.149690528608459,0.183134834767221,0.211783153528185,0.788216846471815,0.816865165232779,0.850309471391541
204.5,2617.741,13,26,1.1186,0.324977213076923,0.230769230769231,0.102824370651217,0.127850136467975,0.146902214101262,0.853097785898738,0.872149863532025,0.897175629348783
205.5,2624.294,10,20,1.1738,0.3731628961,0.2,0.0776072620591412,0.0969452749341121,0.111322347811852,0.888677652188148,0.903054725065888,0.922392737940859
206.5,2630.846,5,10,0.5356,0.326916899,0.4,0.0710104681666239,0.0877010679076225,0.100526835269077,0.899473164730923,0.912298932092378,0.928989531833376
207.5,2637.399,9,18,0.6564,0.149440090777778,0,0.070624679117435,0.085750604254053,0.0985956667924761,0.901404333207524,0.914249395745947,0.929375320882565
208.5,2643.951,7,14,0.675,0.118258558,0,0.0630853541489411,0.0770557103935783,0.0898870029363466,0.910112997063653,0.922944289606422,0.936914645851059
209.5,2650.504,29,58,4.751,0.163379355,0,0.0443483043052085,0.0574799194733834,0.0676662346188972,0.932333765381103,0.942520080526617,0.955651695694791
210.5,2656.866,16,32,1.5754,0.174907695375,0.0625,0.0227572669616831,0.036262317865872,0.042982101432657,0.957017898567343,0.963737682134128,0.977242733038317
211.5,2663.039,17,34,1.7296,0.196699122882353,0.117647058823529,0.00728551099094373,0.0204286646117057,0.0248474730401492,0.975152526959851,0.979571335388294,0.992714489009056
212.5,2669.211,15,30,1.7724,0.122575653133333,0,0.00361796775074052,0.0164346569801365,0.0202850530855665,0.979714946914434,0.983565343019864,0.996382032249259
213.5,2675.383,10,20,0.942,0.1663694083,0,0.0106265049396406,0.0231685694001919,0.0279775357018891,0.972022464298111,0.976831430599808,0.989373495060359
214.5,2681.556,37,74,4.4498,0.170718554810811,0.027027027027027,0.024788834051985,0.0381856471025771,0.0445947098784819,0.955405290121518,0.961814352897423,0.975211165948015
215.5,2687.728,20,40,1.6726,0.2978570342,0.1,0.0500342293574817,0.0647431980802861,0.0741394198351539,0.925860580164846,0.935256801919714,0.949965770642518
216.5,2693.9,16,32,4.8756,0.170148192,0,0.0887381713757093,0.106376031796768,0.120948144920853,0.879051855079147,0.893623968203232,0.911261828624291
217.5,2700.073,10,20,0.983,0.2259573074,0.1,0.150585770367474,0.175003840934109,0.196928727406012,0.803071272593988,0.824996159065891,0.849414229632526
218.5,2706.245,16,32,1.0676,0.2780504631875,0.1875,0.236674522318761,0.270438206886609,0.305044162418669,0.694955837581331,0.729561793113391,0.763325477681239
219.5,2712.417,8,16,0.8954,0.35848090175,0.375,0.324839257678776,0.368095852028994,0.413717176471704,0.586282823528296,0.631904147971006,0.675160742321224
220.5,2718.066,11,22,1.0498,0.341996116363636,0.363636363636364,0.387298102374651,0.437912456814893,0.490639101303646,0.509360898696354,0.562087543185107,0.612701897625349
221.5,2723.19,8,16,1.173,0.587889769875,0.75,0.415604684935067,0.464888579650982,0.516467557187169,0.483532442812831,0.535111420349018,0.584395315064933
222.5,2728.315,6,12,0.61,0.299796436333333,0.333333333333333,0.418966412183753,0.46160550273901,0.507601602395694,0.492398397604306,0.53839449726099,0.581033587816247
223.5,2733.44,14,28,3.3002,0.319559534071429,0.214285714285714,0.407114103246575,0.44222592245544,0.48124074214643,0.51875925785357,0.557774077544561,0.592885896753425
224.5,2738.564,26,52,2.8816,0.367079262615385,0.384615384615385,0.391442678237608,0.419809644537112,0.451401342689889,0.548598657310111,0.580190355462888,0.608557321762392
225.5,2743.689,12,24,1.9542,0.346323987333333,0.25,0.380860500551683,0.405219874340225,0.431241240996826,0.568758759003174,0.594780125659775,0.619139499448317
226.5,2748.814,16,32,1.6372,0.376873805625,0.375,0.389344493101316,0.412030177736174,0.43906054407982,0.56093945592018,0.587969822263826,0.610655506898684
227.5,2753.938,19,38,1.9,0.372923932052632,0.368421052631579,0.428972926341797,0.452476132554209,0.483133219725139,0.516866780274861,0.547523867445791,0.571027073658203
228.5,2759.063,26,52,2.9744,0.393867091076923,0.384615384615385,0.466508876750589,0.4908324447578,0.526587146831228,0.473412853168772,0.5091675552422,0.533491123249411
229.5,2764.188,26,52,2.5566,0.526249317346154,0.615384615384615,0.490728270316022,0.516319727518397,0.554909920674592,0.445090079325408,0.483680272481603,0.509271729683978
230.5,2769.364,25,50,1.8924,0.39079385372,0.44,0.502929046243744,0.528998706064335,0.568392270860929,0.431607729139071,0.471001293935665,0.497070953756256
231.5,2774.591,21,42,2.5622,0.394545941047619,0.380952380952381,0.479889225003182,0.503674147675622,0.539540454737726,0.460459545262274,0.496325852324378,0.520110774996818
232.5,2779.818,43,86,4.0224,0.485844046604651,0.488372093023256,0.426891165973984,0.447585685751637,0.476857584663521,0.523142415336479,0.552414314248363,0.573108834026016
233.5,2785.046,63,126,6.25,0.33498715684127,0.285714285714286,0.400841773297886,0.419219693597086,0.444166653374882,0.555833346625118,0.580780306402914,0.599158226702114
234.5,2790.273,21,42,1.8254,0.46573762947619,0.523809523809524,0.439561033506758,0.458217429176382,0.483742552358586,0.516257447641414,0.541782570823618,0.560438966493242
235.5,2795.5,16,32,1.285,0.473403376375,0.5625,0.493201918083781,0.515515306632261,0.546235991306985,0.453764008693015,0.484484693367739,0.506798081916219
236.5,2800.728,15,30,1.518,0.3551798,0.333333333333333,0.495905229906206,0.51969025399226,0.554000832389292,0.445999167610708,0.48030974600774,0.504094770093794
237.5,2805.955,21,42,1.7658,0.485987630333333,0.571428571428571,0.443482643634992,0.4683898819259,0.502269978992332,0.497730021007668,0.5316101180741,0.556517356365008
238.5,2811.182,29,58,2.5872,0.353829873344828,0.344827586206897,0.414034631221119,0.441495108284165,0.478381767741749,0.521618232258251,0.558504891715835,0.585965368778881
239.5,2816.41,25,50,2.7058,0.391633529,0.4,0.457078804277396,0.487187047784491,0.5306846016981,0.4693153983019,0.512812952215509,0.542921195722604
240.5,2821.435,28,56,3.0724,0.460377896607143,0.464285714285714,0.523306785691733,0.556725247812316,0.605955418922406,0.394044581077594,0.443274752187684,0.476693214308267
241.5,2826.258,23,46,2.3314,0.551291464695652,0.565217391304348,0.568909512540195,0.603456033080514,0.653603703777209,0.346396296222791,0.396543966919486,0.431090487459805
242.5,2831.081,33,66,2.7658,0.549601859393939,0.696969696969697,0.599356769267077,0.631522122707439,0.678314900187202,0.321685099812798,0.368477877292561,0.400643230732923
243.5,2835.903,26,52,2.1044,0.408782136461538,0.346153846153846,0.621171944283454,0.650023310498958,0.691820756059337,0.308179243940663,0.349976689501042,0.378828055716546
244.5,2840.726,40,80,4.7674,0.54781815715,0.625,0.644649154201108,0.672359736867252,0.708830106012585,0.291169893987415,0.327640263132748,0.355350845798892
245.5,2845.549,57,114,5.864,0.522436919473684,0.649122807017544,0.673693251574095,0.700650729975326,0.733951108378308,0.266048891621692,0.299349270024674,0.326306748425905
246.5,2850.372,41,82,3.2896,0.477724883414634,0.536585365853659,0.691750458872515,0.721308138562706,0.755633139612544,0.244366860387456,0.278691861437294,0.308249541127485
247.5,2855.195,32,64,3.947,0.5238231804375,0.65625,0.692027853529953,0.723198638603654,0.758125096205807,0.241874903794193,0.276801361396346,0.307972146470047
248.5,2860.018,23,46,2.238,0.501708574913043,0.565217391304348,0.672850426755614,0.705522532100802,0.742489037317232,0.257510962682768,0.294477467899198,0.327149573244386
249.5,2864.841,23,46,2.6112,0.571209973695652,0.652173913043478,0.630192561903498,0.662670501335214,0.699907231021945,0.300092768978055,0.337329498664786,0.369807438096502
250.5,2869.723,41,82,3.8516,0.485354233707317,0.463414634146341,0.567387911999287,0.596537682992958,0.63029411207411,0.36970588792589,0.403462317007042,0.432612088000713
251.5,2874.666,33,66,2.7438,0.405437415545455,0.424242424242424,0.549232000638577,0.576321778870057,0.606941268475174,0.393058731524826,0.423678221129943,0.450767999361423
252.5,2879.608,23,46,2.3444,0.541045027652174,0.652173913043478,0.640624626205578,0.669400717476361,0.70185518817036,0.29814481182964,0.330599282523639,0.359375373794422
253.5,2884.55,28,56,3.9758,0.573873623571429,0.678571428571429,0.780979495378333,0.813785551377515,0.850013942796456,0.149986057203544,0.186214448622485,0.219020504621667
254.5,2889.493,29,58,3.1228,0.572677135793103,0.724137931034483,0.851351283712762,0.884653622900708,0.922551172102609,0.0774488278973906,0.115346377099292,0.148648716287238
255.5,2894.435,46,92,4.3478,0.61149932376087,0.804347826086957,0.826166069875653,0.859514238973672,0.89445740528981,0.10554259471019,0.140485761026328,0.173833930124347
256.5,2899.378,22,44,2.1552,0.511030591590909,0.590909090909091,0.751493941536752,0.785476565329084,0.819058491560218,0.180941508439782,0.214523434670916,0.248506058463248
257.5,2904.32,26,52,2.2528,0.544351981461539,0.615384615384615,0.654696846315546,0.687086498756028,0.720415006661333,0.279584993338667,0.312913501243972,0.345303153684454
258.5,2909.263,44,88,3.9114,0.437975961295455,0.431818181818182,0.554161488651233,0.584632249236872,0.615536704036857,0.384463295963143,0.415367750763128,0.445838511348767
259.5,2914.205,53,106,5.8136,0.458007315339623,0.471698113207547,0.533103152502212,0.563214553960174,0.594374164929277,0.405625835070723,0.436785446039826,0.466896847497788
260.5,2919.124,19,38,1.8242,0.573652076052632,0.631578947368421,0.637978921499053,0.674327269107953,0.712138567600823,0.287861432399177,0.325672730892047,0.362021078500947
261.5,2924.019,52,104,5.6146,0.553582659846154,0.634615384615385,0.782450072172112,0.825463156752212,0.867940475406368,0.132059524593632,0.174536843247788,0.217549927827888
262.5,2928.915,31,62,3.2534,0.698959210483871,0.903225806451613,0.862915936364039,0.905957934817755,0.947738555112611,0.0522614448873886,0.0940420651822449,0.137084063635961
263.5,2933.81,46,92,4.8944,0.634405686826087,0.782608695652174,0.881411698416419,0.920333688764081,0.958036229748172,0.041963770251828,0.0796663112359189,0.118588301583581
264.5,2938.706,76,152,7.1292,0.633429109881579,0.763157894736842,0.870944392939003,0.903723207169557,0.938950090863944,0.0610499091360559,0.0962767928304433,0.129055607060997
265.5,2943.601,63,126,6.6658,0.629168460444444,0.793650793650794,0.859651706480939,0.888189545275105,0.921537268402927,0.0784627315970734,0.111810454724895,0.140348293519061
266.5,2948.497,53,106,5.2332,0.550223965773585,0.641509433962264,0.86076265429621,0.888167999573685,0.920941818010114,0.0790581819898862,0.111832000426315,0.13923734570379
267.5,2953.392,70,140,7.8148,0.655197059342857,0.814285714285714,0.86713070623049,0.895753958927181,0.930559944777529,0.0694400552224714,0.104246041072819,0.13286929376951
268.5,2958.288,41,82,4.8494,0.716324379170732,0.902439024390244,0.872424993851967,0.902980367950013,0.940144608268526,0.0598553917314744,0.0970196320499874,0.127575006148033
269.5,2963.183,47,94,4.684,0.584803748829787,0.702127659574468,0.87315093366004,0.905155286984862,0.943484963091385,0.0565150369086155,0.0948447130151377,0.12684906633996
270.5,2968.072,55,110,6.9922,0.650581081890909,0.8,0.873103874225119,0.905157753885365,0.94355489910111,0.0564451008988898,0.0948422461146352,0.126896125774881
271.5,2972.954,67,134,8.4416,0.656842511910448,0.805970149253731,0.887443647173596,0.918722009414807,0.956090684267293,0.0439093157327071,0.081277990585193,0.112556352826404
272.5,2977.836,35,70,4.3416,0.6454245532,0.771428571428571,0.901405120440737,0.930381606926062,0.965265265554474,0.034734734445526,0.069618393073938,0.0985948795592632
273.5,2982.718,37,74,4.2206,0.660897529756757,0.837837837837838,0.896491661198521,0.924184862860898,0.955644072971698,0.0443559270283024,0.075815137139102,0.103508338801479
274.5,2987.6,44,88,8.2904,0.648982473181818,0.772727272727273,0.884000583003939,0.910406574353868,0.937968636716345,0.0620313632836552,0.0895934256461323,0.115999416996061
275.5,2992.482,48,96,4.7528,0.6342867839375,0.75,0.882294552725357,0.908671675072949,0.937365216816061,0.0626347831839392,0.0913283249270513,0.117705447274643
276.5,2997.364,72,144,12.6408,0.645902511125,0.819444444444444,0.887550888644184,0.91606979098081,0.947657087646479,0.052342912353521,0.0839302090191902,0.112449111355816
277.5,3002.246,54,108,5.4374,0.624837592592593,0.777777777777778,0.890002729406133,0.922368831410924,0.957419415823994,0.0425805841760057,0.0776311685890756,0.109997270593867
278.5,3007.128,53,106,6.1716,0.640001176415094,0.830188679245283,0.883878210019554,0.921057204558877,0.960357703885532,0.0396422961144677,0.0789427954411231,0.116121789980446
279.5,3012.01,64,128,6.2942,0.604487035296875,0.703125,0.876285208688261,0.916252926811523,0.958338149716836,0.0416618502831637,0.0837470731884773,0.123714791311739
280.5,3016.773,44,88,5.6526,0.686894057272727,0.886363636363636,0.875360599088812,0.915680815041023,0.95758657390916,0.0424134260908403,0.0843191849589766,0.124639400911188
281.5,3021.418,50,100,5.4846,0.6374980718,0.76,0.883305597641281,0.921461830747065,0.960182483193638,0.0398175168063619,0.0785381692529353,0.116694402358719
282.5,3026.063,37,74,4.0484,0.626989556810811,0.783783783783784,0.892910371105167,0.927914932741552,0.963257620816273,0.0367423791837274,0.0720850672584483,0.107089628894833
283.5,3030.707,44,88,4.8628,0.666901915318182,0.818181818181818,0.898789938233304,0.930727725026154,0.962044650588787,0.0379553494112128,0.069272274973846,0.101210061766696
284.5,3035.352,59,118,6.2252,0.673138373440678,0.796610169491525,0.909386241308829,0.937785747086263,0.966796498742537,0.0332035012574629,0.0622142529137375,0.0906137586911714
285.5,3039.997,47,94,4.177,0.663087792851064,0.808510638297872,0.918799488904121,0.947127354803378,0.975905029125289,0.0240949708747115,0.052872645196622,0.0812005110958791
286.5,3044.642,36,72,4.3962,0.659815098444444,0.777777777777778,0.922426307627564,0.952113298328816,0.981800196829233,0.0181998031707672,0.0478867016711841,0.0775736923724356
287.5,3049.287,58,116,6.1528,0.665557668206897,0.862068965517241,0.926262393711879,0.958109063350377,0.990874708940536,0.00912529105946391,0.0418909366496232,0.0737376062881206
288.5,3053.931,48,96,5.0406,0.654773147875,0.770833333333333,0.927441297215459,0.961970161312778,0.998632359267631,0.0013676407323685,0.0380298386872218,0.0725587027845415
289.5,3058.576,54,108,5.9196,0.642764735444444,0.814814814814815,0.918807806048971,0.955471312700415,0.993883363593216,0.00611663640678362,0.0445286872995851,0.0811921939510288
290.5,3063.276,68,136,6.8942,0.664248172485294,0.852941176470588,0.89904127379324,0.934687797873853,0.97235464299441,0.02764535700559,0.065312202126147,0.10095872620676
291.5,3068.032,59,118,5.6156,0.629772498152542,0.76271186440678,0.888291385396394,0.921489111421415,0.957224561933143,0.0427754380668574,0.0785108885785851,0.111708614603606
292.5,3072.788,53,106,4.8264,0.638027462490566,0.773584905660377,0.908462199756678,0.938986551810712,0.971637177859373,0.0283628221406272,0.0610134481892879,0.0915378002433221
293.5,3077.543,66,132,8.4528,0.610112257969697,0.772727272727273,0.944131412995737,0.975332183694649,1,0,0.0246678163053506,0.0558685870042629
294.5,3082.299,54,108,4.9658,0.667073306722222,0.925925925925926,0.969028276026748,1,1,0,0,0.0309717239732517
295.5,3087.055,69,138,7.7588,0.643305720043478,0.826086956521739,0.959038149477472,0.994675101426481,1,0,0.0053248985735187,0.0409618505225284
296.5,3091.81,75,150,8.1654,0.640046411613333,0.786666666666667,0.919106482191391,0.958242403635825,1,0,0.0417575963641754,0.080893517808609
297.5,3096.566,48,96,5.4822,0.66262415775,0.8125,0.859538379681878,0.90056072995942,0.951056568431417,0.0489434315685828,0.0994392700405801,0.140461620318122
298.5,3101.322,52,104,5.537,0.554865883326923,0.576923076923077,0.783792996016015,0.825426002846237,0.876463184140341,0.123536815859659,0.174573997153763,0.216207003983985
299.5,3106.077,34,68,3.7636,0.591227240058824,0.764705882352941,0.713154653351346,0.754384251834338,0.803685217524715,0.196314782475285,0.245615748165662,0.286845346648654
300.5,3110.873,40,80,3.0414,0.437161168025,0.5,0.663245990482225,0.701787466875228,0.747747508943245,0.252252491056755,0.298212533124772,0.336754009517775
301.5,3115.71,53,106,4.785,0.500674385075472,0.566037735849057,0.61762726546736,0.652097618643865,0.693112391566936,0.306887608433064,0.347902381356135,0.38237273453264
302.5,3120.547,52,104,6.1676,0.485125874538462,0.538461538461538,0.558536153150548,0.587477148767701,0.621077984776749,0.378922015223251,0.412522851232299,0.441463846849452
303.5,3125.383,41,82,3.4304,0.443424497195122,0.414634146341463,0.484765528935773,0.508301003628388,0.535552648110879,0.464447351889121,0.491698996371612,0.515234471064227
304.5,3130.22,65,130,11.8206,0.370623412661538,0.292307692307692,0.447492378198507,0.468529634662937,0.492065509717609,0.507934490282391,0.531470365337063,0.552507621801493
305.5,3135.057,43,86,5.2216,0.519294006418605,0.534883720930233,0.505950227778683,0.529408317065128,0.55453332096128,0.44546667903872,0.470591682934872,0.494049772221317
306.5,3139.893,48,96,8.7378,0.507445901625,0.583333333333333,0.651140264217146,0.680310164653454,0.711724650467351,0.288275349532649,0.319689835346546,0.348859735782854
307.5,3144.73,46,92,4.8484,0.599521879673913,0.739130434782609,0.772899464599858,0.810102135025187,0.850194374557958,0.149805625442042,0.189897864974813,0.227100535400142
308.5,3149.567,42,84,4.9358,0.559188228833333,0.642857142857143,0.795091039728083,0.83543364236444,0.882072408677495,0.117927591322505,0.16456635763556,0.204908960271917
309.5,3154.403,50,100,4.8372,0.5876241177,0.72,0.768340996953672,0.810169939583725,0.858230352556021,0.141769647443979,0.189830060416275,0.231659003046328
310.5,3159.959,49,98,5.3884,0.583689976693878,0.673469387755102,0.75945926708069,0.801196920771205,0.848402513653661,0.151597486346339,0.198803079228795,0.24054073291931
311.5,3166.234,47,94,5.5524,0.604724038744681,0.659574468085106,0.805946409783618,0.845652561703264,0.891977943181249,0.108022056818751,0.154347438296736,0.194053590216382
312.5,3172.509,63,126,6.4616,0.671445053619048,0.793650793650794,0.867261662874707,0.906525969638774,0.951081946151686,0.0489180538483136,0.093474030361226,0.132738337125293
313.5,3178.784,50,100,6.2652,0.63962580656,0.82,0.937275070685618,0.973252117573494,1,0,0.0267478824265064,0.0627249293143824
314.5,3185.059,49,98,5.7706,0.628794396265306,0.816326530612245,0.950901454319606,0.985467124930234,1,0,0.0145328750697661,0.0490985456803938
315.5,3191.334,84,168,10.7282,0.644469780035714,0.80952380952381,0.884194934973763,0.914043015016383,0.946738495564171,0.0532615044358289,0.085956984983617,0.115805065026237
316.5,3197.609,86,172,10.009,0.596574265046512,0.651162790697674,0.849207903055861,0.87865836194194,0.910593658638388,0.0894063413616123,0.12134163805806,0.150792096944139
317.5,3203.884,80,160,11.1152,0.70889144835,0.9125,0.910911854047878,0.944723756699215,0.980600140407699,0.0193998595923009,0.0552762433007854,0.0890881459521223
318.5,3210.159,91,182,11.2252,0.668094535604396,0.846153846153846,0.953920396401512,0.992139338371383,1,0,0.00786066162861676,0.0460796035984884
319.5,3216.434,84,168,10.8782,0.644107961809524,0.761904761904762,0.920032453129193,0.958268624955588,1,0,0.0417313750444124,0.0799675468708071
320.5,3224.968,46,92,6.25,0.635616878043478,0.869565217391304,0.915051659554587,0.953379542641329,0.996188587644507,0.00381141235549265,0.0466204573586713,0.084948340445413
321.5,3235.758,45,90,5.9536,0.690376449511111,0.866666666666667,0.965043840767416,1,1,0,0,0.0349561592325841
